,page_id,page_name,page_handle,page_url,page_description,page_category,page_verified,page_created_date,page_profile_image,page_follower_count,topAdminCountry,languageCode
75802,100028543044849,NZZ am Sonntag,NZZamSonntag,https://www.facebook.com/605109706269803,"Seit 2002 erscheint die ¬´NZZ am Sonntag¬ª: Nachrichten, Wirtschaft, Hintergrund, Sport, Kultur, Wissen, Gesellschaft und Stil ‚Äì in hoher Qualit√§t.",MEDIA_NEWS_COMPANY,1,2014-07-03 08:00:39,https://scontent-sea1-1.xx.fbcdn.net/v/t39.30808-1/353668019_966983894263036_2778064936009658605_n.png?stp=cp0_dst-png_p50x50&_nc_cat=102&ccb=1-7&_nc_sid=a27e22&_nc_ohc=Bs7Bnw_pZSQAX__PFuC&_nc_oc=AQlEwDFMk2a5r-V7r2fVF3aqPz1B-nW3uQdWbDJNuDbFrOF0WuTfWs18J4oZI2NtCuw&_nc_ht=scontent-sea1-1.xx&oh=00_AfB5LuXt6q31vNdpIJgIu08uFhQrOES5ner5qVIh1EmGVg&oe=65C5E999,9515,CH,de
92210,100028578266242,Ticinonline,ticinonline.ch,https://www.facebook.com/264496326937269,"Ticinonline - Notizie, Eventi, Annunci, Biglietteria, Blog, e molto altro ancora.",NEWS_SITE,1,2011-12-23 13:45:10,https://scontent-sea1-1.xx.fbcdn.net/v/t39.30808-1/291096592_5191239957596190_2808427779807216657_n.jpg?stp=cp0_dst-jpg_p50x50&_nc_cat=103&ccb=1-7&_nc_sid=a27e22&_nc_ohc=9ZZMFWvB1C0AX8GnVlR&_nc_ht=scontent-sea1-1.xx&oh=00_AfAxwv-OTSLZDTQ8sx6ARvpQ7iEhqDtg-ByU37LNY93qlw&oe=65C65F27,103053,CH,it
33300,100039501590099,Le Courrier,quotidienlecourrier,https://www.facebook.com/146891072053583,Quotidien ind√©pendant et engag√© ‚úä,TOPIC_NEWSPAPER,0,2011-07-13 16:05:40,https://scontent-sea1-1.xx.fbcdn.net/v/t39.30808-1/402383739_1077665456893497_8235938996745114840_n.jpg?stp=cp0_dst-jpg_p50x50&_nc_cat=100&ccb=1-7&_nc_sid=a27e22&_nc_ohc=0qrw_KR8iO4AX_ReiwO&_nc_ht=scontent-sea1-1.xx&oh=00_AfAGGSIZx28S1nRGQil2OlEtG0sp8bjVLkfgVJSzmSd5uw&oe=65BF673C,16349,CH,fr
225279,100040158442247,AGEFI Suisse,ageficom,https://www.facebook.com/412560358817737,"L'Agefi, le m√©dia suisse qui couvre l‚Äôactualit√© √©conomique et financi√®re

La Nouvelle Agence √âconomique et Financi√®re SA

http://www.agefi.com


",TOPIC_NEWSPAPER,0,2012-12-06 10:00:14,https://scontent-sea1-1.xx.fbcdn.net/v/t39.30808-1/347627620_141287498940590_6943872341851108195_n.jpg?stp=cp0_dst-jpg_p50x50&_nc_cat=108&ccb=1-7&_nc_sid=a27e22&_nc_ohc=UdC1W1G5mGkAX97q6y8&_nc_ht=scontent-sea1-1.xx&oh=00_AfA8O5mgmT3jmlaTGeuvtJvPwRM4eHDMMrZ9JSKUr7pTwQ&oe=65C745EF,4693,CH,fr
14471,100040925542771,Radio Chablais,radiochablais,https://www.facebook.com/158597064158692,"Humour, info, nouveaut√©s, bons plans, jeux, etc.

Radio Chablais vous accompagne chaque jour de 6h ",BROADCASTING_MEDIA_PRODUCTION,0,2010-09-28 11:05:18,https://scontent-sea1-1.xx.fbcdn.net/v/t39.30808-1/309197127_775068857200625_5623575406654888575_n.png?stp=cp0_dst-png_p50x50&_nc_cat=101&ccb=1-7&_nc_sid=a27e22&_nc_ohc=8wPgj5DURKYAX-Fjcfq&_nc_ht=scontent-sea1-1.xx&oh=00_AfCnCJJMbBgmqureHB8sxqmOFrbMUGFfdCdlO_AMlfCmvA&oe=65C0864A,20405,CH,fr
3453,100041817648027,Stopblablacam,StopBlaBlaCam,https://www.facebook.com/327853160887584,"StopBlaBlaCam couvre au quotidien l'actualit√© √©conomique et sociale du Cameroun, v√©rifie les rumeurs ",MEDIA_NEWS_COMPANY,0,2016-08-30 09:11:42,https://scontent-sea1-1.xx.fbcdn.net/v/t39.30808-1/352726213_587487033470503_8515082730402454629_n.png?stp=cp0_dst-png_p50x50&_nc_cat=102&ccb=1-7&_nc_sid=a27e22&_nc_ohc=ys3lOs94xukAX8hAX9t&_nc_ht=scontent-sea1-1.xx&oh=00_AfBMM5fwcgxmaK9Vg6IXTtn2M1gYE2Lba8ONK-n08zWSIg&oe=65BEE6DD,102834,CH,fr
68315,100044069064364,RTN.CH,RTN.CH,https://www.facebook.com/110792602343067,"La radio neuch√¢teloise RTN couvre le canton de Neuch√¢tel, le Nord vaudois, la Broye et les Franches",NEWS_SITE,0,2011-05-19 03:58:08,https://scontent-sea1-1.xx.fbcdn.net/v/t39.30808-1/309390802_636722247806738_903489082453829679_n.png?stp=cp0_dst-png_p50x50&_nc_cat=104&ccb=1-7&_nc_sid=a27e22&_nc_ohc=qSsDWU4b0e4AX9AfeDJ&_nc_oc=AQl37EeMZ8r4jfMFzYjC_pKHBE1Ts_XpMtLDoBwcCNikTce-GOVIJ2RKY1buUgBQ0Gs&_nc_ht=scontent-sea1-1.xx&oh=00_AfANTR60Na8zVkWYIr10Rtjmd38ZWFOXOMRcXQnKo6ZWJA&oe=65C684C0,25124,CH,fr
92203,100044273387611,Radio Central,radiocentral.ch,https://www.facebook.com/319983905557,Radio Central - das Radio mit Herz und dem breitesten Musik-Mix!,BROADCASTING_MEDIA_PRODUCTION,0,2010-01-31 13:45:49,https://scontent-sea1-1.xx.fbcdn.net/v/t39.30808-1/273701354_490880982397677_1977762603380775092_n.jpg?stp=cp0_dst-jpg_p50x50&_nc_cat=111&ccb=1-7&_nc_sid=a27e22&_nc_ohc=ylKZAsweyHYAX8uQZ3H&_nc_ht=scontent-sea1-1.xx&oh=00_AfBJMkxM5Pw5ij5lHy43Yb5syK8beAQpUfRfMbktirUJkQ&oe=65C63535,29035,CH,de
40123,100044356242979,RFJ.CH,RFJ.CH,https://www.facebook.com/174202395967824,RFJ est la radio qui propose toute l‚Äôactualit√© du canton du Jura,MEDIA_NEWS_COMPANY,0,2011-05-19 03:55:19,https://scontent-sea1-1.xx.fbcdn.net/v/t39.30808-1/309996146_645822250239644_2830514726444167269_n.png?stp=cp0_dst-png_p50x50&_nc_cat=102&ccb=1-7&_nc_sid=a27e22&_nc_ohc=yJ7h1JDvAHYAX-1G2zP&_nc_ht=scontent-sea1-1.xx&oh=00_AfDmBEFxC-3Rz7f_9ygBQKdNkeM8GOyKNrBh4mqD-rx8CA&oe=65BFCC96,18835,CH,fr
68092,100045092175427,Berner Zeitung,bernerzeitung.ch,https://www.facebook.com/69474637264,Die Berner Zeitung ist die drittgr√∂sste abonnierte Tageszeitung der Schweiz und die gr√∂sste im Kanton Bern. Die Kernkompetenz der Regionalzeitung ist die ausf√ºhrliche Berichterstattung aus der Region und √ºber Sportereignisse.,TOPIC_NEWSPAPER,1,2009-01-15 10:29:53,https://scontent-sea1-1.xx.fbcdn.net/v/t39.30808-1/352374377_860483128798085_7024478559733593449_n.png?stp=cp0_dst-png_p50x50&_nc_cat=104&ccb=1-7&_nc_sid=a27e22&_nc_ohc=wdo39bwDrbwAX939L7j&_nc_oc=AQlZ4mOOsdIq2tBKo5WVO3zZ_rwTWWe292wNq4WYIE_owfJCINkrCJGIKYPjK7dY6rw&_nc_ht=scontent-sea1-1.xx&oh=00_AfCzssp8AKKzCFTTgVKrLSCKgmdL0kIORWpxGJKOGLHW7w&oe=65C6AFF5,19304,CH,de
248836,100045946967531,STAR TV Switzerland,StarTVswitzerland,https://www.facebook.com/208539865852082,"Hallo auf unserem facebook-Account!üá®üá≠
Mit den Sendungen FilmApp LIVE, Prix Walo, Lautstark, Ma",MEDIA_NEWS_COMPANY,0,2011-06-06 14:24:04,https://scontent-sea1-1.xx.fbcdn.net/v/t39.30808-1/398111231_951430723065151_4288632783637388399_n.jpg?stp=cp0_dst-jpg_p50x50&_nc_cat=100&ccb=1-7&_nc_sid=a27e22&_nc_ohc=GU0-vh-YxrMAX9a77mn&_nc_ht=scontent-sea1-1.xx&oh=00_AfAXAj0RqS0PcZ5GG8u0DYYFwskfT7mLX0AgcwCbvsBQqQ&oe=65C8C1A9,2644,CH,de
55902,100046027245740,Der Bund,derbundch,https://www.facebook.com/178913512122277,"¬´Der Bund¬ª bietet Nachrichten, Analysen und Bilder rund um die Uhr. ",TOPIC_NEWSPAPER,0,2010-11-25 12:25:54,https://scontent-sea1-1.xx.fbcdn.net/v/t39.30808-1/352300955_1486214335483481_944232740534026930_n.png?stp=cp0_dst-png_p50x50&_nc_cat=106&ccb=1-7&_nc_sid=a27e22&_nc_ohc=kwQSZpny4OQAX_Qv0io&_nc_ht=scontent-sea1-1.xx&oh=00_AfCgvW4Fnxb2JKv0iK0G1kSa_EbpGicZxBmGvKGacvlqjg&oe=65C70471,7790,CH,de
56120,100047027066905,Frapp Freiburg,frappfreiburg,https://www.facebook.com/905564776198450,Frapp - die Newsplattform f√ºr Freiburg,MEDIA_NEWS_COMPANY,0,2015-11-07 13:18:09,https://scontent-sea1-1.xx.fbcdn.net/v/t39.30808-1/351335236_1063242761523972_4454888181470580417_n.png?stp=cp0_dst-png_p50x50&_nc_cat=105&ccb=1-7&_nc_sid=a27e22&_nc_ohc=XBLbKbB7-AkAX8gbmlS&_nc_oc=AQmulJe7J_vOc6E5fkILfP9AsT-Zn9E-Zm71wzbvSkQbQ3DteDP7pVhOtvDXskl47vI&_nc_ht=scontent-sea1-1.xx&oh=00_AfB81VQy78idwH_bLTf8LWWLkeb8jojc6ly-uw7yB5wu1A&oe=65C5B8DF,5271,CH,de
92049,100049588308404,Limmattaler Zeitung,LimmattalerZeitung,https://www.facebook.com/185646034836447,"Willkommen bei der ¬´Limmattaler Zeitung¬ª, wir bringen Ihnen die News aus der Region und der Welt.
",TOPIC_NEWSPAPER,0,2011-08-09 13:23:47,https://scontent-sea1-1.xx.fbcdn.net/v/t39.30808-1/348227212_250059221015352_8225731444333234189_n.png?stp=cp0_dst-png_p50x50&_nc_cat=106&ccb=1-7&_nc_sid=a27e22&_nc_ohc=FHt5cO_xYQEAX_S08kj&_nc_ht=scontent-sea1-1.xx&oh=00_AfCyt2zZdxmMbDYUdjRQ8xu2Hy2yeq6cgWkuy0GuxfeUiQ&oe=65C66B16,2309,CH,de
98335,100050362065232,Humor.Al,humorfiks,https://www.facebook.com/231754547193590,humor humor vetem humor,NEWS_SITE,0,2016-05-08 15:08:59,https://scontent-sea1-1.xx.fbcdn.net/v/t39.30808-1/310328690_670281087993954_2798894765658218684_n.jpg?stp=cp0_dst-jpg_p50x50&_nc_cat=111&ccb=1-7&_nc_sid=a27e22&_nc_ohc=KS6ZQp6OmEAAX_3dIzG&_nc_ht=scontent-sea1-1.xx&oh=00_AfATT9ETbl27G96KILA3Dgo3l1dPGo2TetT4Jo-Wmtncbw&oe=65C78FD1,103368,CH,sq
55809,100050367111034,aeroTELEGRAPH,aerotelegraph,https://www.facebook.com/185874254794494,"Nachrichten und Hintergr√ºnde aus der Welt der Luftfahrt - aktuell, verst√§ndlich, umfassend. Seit 2011",NEWS_SITE,0,2011-05-23 22:31:10,https://scontent-sea1-1.xx.fbcdn.net/v/t39.30808-1/309722885_5500185880029945_8421545689465846900_n.jpg?stp=cp0_dst-jpg_p50x50&_nc_cat=109&ccb=1-7&_nc_sid=a27e22&_nc_ohc=-YWOHG1aaX8AX-re-Fi&_nc_ht=scontent-sea1-1.xx&oh=00_AfDRrSTVCpVk6Or8WrNDJa89noS-aBlxMloWqepvylbDrQ&oe=65C628B8,42049,CH,de
54362,100051214635798,La T√©l√©,latele.ch,https://www.facebook.com/107635496735,"L'actualit√© de vos cantons Vaud et Fribourg.

https://linktr.ee/latele.ch",BROADCASTING_MEDIA_PRODUCTION,0,2009-07-16 18:26:02,https://scontent-sea1-1.xx.fbcdn.net/v/t39.30808-1/273528932_453438679706616_8152566034991696691_n.png?stp=cp0_dst-png_p50x50&_nc_cat=105&ccb=1-7&_nc_sid=a27e22&_nc_ohc=p4m1DP4ZdHAAX9--CZm&_nc_ht=scontent-sea1-1.xx&oh=00_AfCj63NiBFPmfIS7INxkTwYr4VnSIlXVJ_ZQlvkxmg6eow&oe=65BF8EC2,49167,CH,fr
254578,100055188081814,S√ºdostschweiz,suedostschweiz,https://www.facebook.com/149845148361826,"Willkommen auf der offiziellen Facebook-Seite der Medienfamilie S√ºdostschweiz. Hier gibts die besten Social-Media-Postings aus den Redaktionen Zeitung, Radio, TV und Online.",BROADCASTING_MEDIA_PRODUCTION,1,2010-08-13 13:34:12,https://scontent-sea1-1.xx.fbcdn.net/v/t39.30808-1/353451102_809153950934200_4844964853981607584_n.png?stp=cp0_dst-png_p50x50&_nc_cat=102&ccb=1-7&_nc_sid=a27e22&_nc_ohc=0xPtRPLzVlwAX_y_8Nu&_nc_ht=scontent-sea1-1.xx&oh=00_AfCCwf3PnXKU_klDbYAMoGu17OvQ0KFk-Ju7xZ-yYV93dQ&oe=65C8F8EC,37363,CH,de
97229,100055891585108,Zofinger Tagblatt / zt,zofingertagblatt,https://www.facebook.com/264410730281984,"Das Zofinger Tagblatt berichtet t√§glich, was zwischen Aare, Murg, Pfaffnern, Wigger, Uerke passiert.",MEDIA_NEWS_COMPANY,0,2011-12-13 15:08:43,https://scontent-sea1-1.xx.fbcdn.net/v/t39.30808-1/301128454_5462974417092230_9212299583965267756_n.jpg?stp=cp0_dst-jpg_p50x50&_nc_cat=111&ccb=1-7&_nc_sid=a27e22&_nc_ohc=7_-hsar9CKgAX_1xeaw&_nc_ht=scontent-sea1-1.xx&oh=00_AfBFbKAEGHD4neTycAgUGYLYA0shX7E3XKQravy_aP3wkQ&oe=65C696BF,4014,CH,de
92088,100057485276844,RSI Sport,rsisport,https://www.facebook.com/443445112445065,Benvenuti nella pagina ufficiale dello Sport della Radiotelevisione svizzera.,NEWS_SITE,1,2014-01-07 08:10:56,https://scontent-sea1-1.xx.fbcdn.net/v/t39.30808-1/219202669_4004003476389193_7851864630827307024_n.png?stp=cp0_dst-png_p50x50&_nc_cat=1&ccb=1-7&_nc_sid=a27e22&_nc_ohc=3HDpdaff0VAAX9cIHLg&_nc_ht=scontent-sea1-1.xx&oh=00_AfB0XXo8cpQGKmvAf_qqnplG2LK1kuHDw47apDfSaSL85A&oe=65C63B33,69334,CH,it
86840,100058006429675,Sarganserl√§nder,sarganserlaender,https://www.facebook.com/198506493514522,Wir sind die einzige Tageszeitung f√ºr den Raum Sarganserland.,MEDIA,0,2011-03-29 14:23:27,https://scontent-sea1-1.xx.fbcdn.net/v/t39.30808-1/301904375_550588843551325_1701777818404706090_n.jpg?stp=cp0_dst-jpg_p50x50&_nc_cat=103&ccb=1-7&_nc_sid=a27e22&_nc_ohc=hJMO-piDWw4AX_-corX&_nc_ht=scontent-sea1-1.xx&oh=00_AfAHp2uPLM_5DC_utWEZPJkpIRZ2acBV7XT6-xRfv__vgA&oe=65C6635B,4235,CH,de
69384,100058309701827,Sport24,24spoortt,https://www.facebook.com/195064851055649,Portali m√´ i madh sportiv n√´ vend....,NEWS_SITE,0,2017-11-29 19:14:01,https://scontent-sea1-1.xx.fbcdn.net/v/t39.30808-1/277809549_455149663105353_3546787180132955548_n.jpg?stp=c1.0.50.50a_cp0_dst-jpg_p50x50&_nc_cat=108&ccb=1-7&_nc_sid=a27e22&_nc_ohc=TONxge4dfnwAX_QHRie&_nc_ht=scontent-sea1-1.xx&oh=00_AfAfJQ5F1h_lDyMHz0Mesq92kaldiRc2GCFcedgrpxki7g&oe=65C71E02,34617,CH,sq
97380,100062961322324,Infosperber,infosperber,https://www.facebook.com/159492510740242,Lobbys k√∂nnen keinen Einfluss nehmen. Hinter Infosperber steht eine gemeinn√ºtzige Stiftung.,NEWS_SITE,0,2010-10-14 13:40:06,https://scontent-sea1-1.xx.fbcdn.net/v/t39.30808-1/305287533_433327652109275_8207670684695648827_n.jpg?stp=cp0_dst-jpg_p50x50&_nc_cat=102&ccb=1-7&_nc_sid=a27e22&_nc_ohc=zKXhYg36Ki4AX8gnflv&_nc_ht=scontent-sea1-1.xx&oh=00_AfBkV5m-sxaw5JNjjmDhgTcLoi9plIQFUhWO8cyYN0B4uA&oe=65C75337,8476,CH,de
98337,100063465762138,Alb ShowBizzz,AlbShowBizzz2,https://www.facebook.com/597317837112231,"Foto/Video q√´ portalet b√´jn√´ lajm p√´r ti shikuar/klikuar te ne i gjeni shum√´ m√´ her√´t pa klikuar :)
Mjafton ta p√´lqeni
faq√´. 
Startuar me 11.08.2016",NEWS_SITE,0,2016-05-15 12:01:31,https://scontent-sea1-1.xx.fbcdn.net/v/t39.30808-1/309615386_533687358756785_1332044225075708404_n.jpg?stp=cp0_dst-jpg_p50x50&_nc_cat=101&ccb=1-7&_nc_sid=a27e22&_nc_ohc=PcFyIWvxcZYAX9XGdKR&_nc_ht=scontent-sea1-1.xx&oh=00_AfDc0Q9uBmzC2z2iTahLQHovgOBKqwrpit0qp5j_cZSEYw&oe=65C77ADD,42404,CH,sq
56083,100063478134036,Aargauer Zeitung,azAargauerZeitung,https://www.facebook.com/118231518201711,"Willkommen bei der ¬´Aargauer Zeitung¬ª, wir bringen Ihnen die News aus der Region und der Welt.
",MEDIA_NEWS_COMPANY,1,2010-04-30 11:03:40,https://scontent-sea1-1.xx.fbcdn.net/v/t39.30808-1/348333478_1577125456104819_7596953654627558112_n.png?stp=cp0_dst-png_p50x50&_nc_cat=103&ccb=1-7&_nc_sid=a27e22&_nc_ohc=fmqfAR7gTC4AX-8isGT&_nc_ht=scontent-sea1-1.xx&oh=00_AfDQ3hVT86v74QbfRiVt5EVepoDZNBqREYHwd99li3VW2w&oe=65C5DB6C,29899,CH,de
48818,100063488664367,Sport Total,sporttotal.ch,https://www.facebook.com/1709498855937381,Auf einen Klick ‚Äì Storys aus der Welt des Schweizer Sports,MEDIA_NEWS_COMPANY,0,2016-07-04 08:44:45,https://scontent-sea1-1.xx.fbcdn.net/v/t39.30808-1/326964675_891995325451410_1918530725638372723_n.jpg?stp=cp0_dst-jpg_p50x50&_nc_cat=108&ccb=1-7&_nc_sid=a27e22&_nc_ohc=psL8Px0re5wAX_KiehH&_nc_ht=scontent-sea1-1.xx&oh=00_AfCHlaV9rHG7kgLMoxQPaY4zhBnF3i0rUsOw3Pg4Bzqolg&oe=65C0D2CE,23549,CH,und
56084,100063516642318,Zuger Zeitung,ZugerZeitung,https://www.facebook.com/1067324800027236,Die offizielle Facebook-Seite der Zuger Zeitung.,TOPIC_NEWSPAPER,0,2016-08-16 11:17:53,https://scontent-sea1-1.xx.fbcdn.net/v/t39.30808-1/353667017_721999626593919_4005429933566776189_n.jpg?stp=cp0_dst-jpg_p50x50&_nc_cat=110&ccb=1-7&_nc_sid=a27e22&_nc_ohc=Oi5ceQi0Br8AX-vzt6G&_nc_ht=scontent-sea1-1.xx&oh=00_AfAhFqy_KTg1bo_sfWJjvamN2MZ5ruUBU19OjZ6d1dSU0Q&oe=65C65A5A,3689,CH,de
1131,100063518231872,QUOTIDIEN LA LIBERT√â,laliberte.ch,https://www.facebook.com/288448691670,La Libert√© (www.laliberte.ch) est un quotidien ancr√© dans le canton de Fribourg et la Broye vaudoise,TOPIC_NEWSPAPER,0,2010-02-03 13:35:14,https://scontent-sea1-1.xx.fbcdn.net/v/t39.30808-1/289970136_461077249352879_1505148090532521735_n.jpg?stp=cp0_dst-jpg_p50x50&_nc_cat=105&ccb=1-7&_nc_sid=a27e22&_nc_ohc=brYQ8-9FrhUAX8XiRWU&_nc_ht=scontent-sea1-1.xx&oh=00_AfDWiyNvOUQNs6KujdXEMN0ytlCy2MgSrE8Q61fnnB4Xtg&oe=65C04CE7,51852,CH,fr
68084,100063520662702,Blick Fussball,blickfussball,https://www.facebook.com/285715265603829,"üá®üá≠‚öΩÔ∏è News, Witziges und Interessantes aus der sch√∂nsten Nebensache der Welt!",MEDIA_NEWS_COMPANY,0,2018-10-10 12:24:16,https://scontent-sea1-1.xx.fbcdn.net/v/t39.30808-1/352308713_967505434376305_5705204571931514125_n.png?stp=cp0_dst-png_p50x50&_nc_cat=100&ccb=1-7&_nc_sid=a27e22&_nc_ohc=2tYB0uYZLyQAX8aC-gV&_nc_ht=scontent-sea1-1.xx&oh=00_AfA6_OeVFqgy4fU0K6j21zcHMDXcuC9BmLRM59HAAAAzig&oe=65C55DEC,308,CH,de
83800,100063535391981,rheintaler.ch,rheintaler.ch,https://www.facebook.com/1385236358375186,News aus der Region,MEDIA_NEWS_COMPANY,0,2013-09-19 12:37:49,https://scontent-sea1-1.xx.fbcdn.net/v/t1.6435-1/161930397_131675012293678_5294206510559635621_n.jpg?stp=cp0_dst-jpg_p50x50&_nc_cat=101&ccb=1-7&_nc_sid=f97dfd&_nc_ohc=n50-kH-Ve9IAX9Ik_n-&_nc_ht=scontent-sea1-1.xx&oh=00_AfDeU2nRHYKmjsbKOnjrqBGcZBDhL93nzQDXnNF39_MygA&oe=65E8D5DD,3226,CH,de
260555,100063536082144,Urner Zeitung,UrnerZeitung,https://www.facebook.com/1557684697798252,Die offizielle Facebook-Seite der Urner Zeitung.,TOPIC_NEWSPAPER,0,2014-11-10 14:04:08,https://scontent-sea1-1.xx.fbcdn.net/v/t39.30808-1/293082208_466620472132485_6547135101841974130_n.jpg?stp=cp0_dst-jpg_p50x50&_nc_cat=102&ccb=1-7&_nc_sid=a27e22&_nc_ohc=4vPy27iiCN4AX94i9To&_nc_ht=scontent-sea1-1.xx&oh=00_AfAigc3kJbC8I5AAVlbMPdXRFZoO-CZ6TZkBAqEnUIoQBQ&oe=65C78FCD,3621,CH,de
33228,100063537645447,Canal9,canal9valais,https://www.facebook.com/213235655393790,"Sujets en primeur, coulisses, discussions: bienvenue sur la page de la TV valaisanne! ",MEDIA,0,2011-07-29 10:08:40,https://scontent-sea1-1.xx.fbcdn.net/v/t39.30808-1/273122616_5260721833978455_6001557864957251936_n.jpg?stp=cp0_dst-jpg_p50x50&_nc_cat=111&ccb=1-7&_nc_sid=a27e22&_nc_ohc=R4wWa_6i5ogAX_0cy-V&_nc_ht=scontent-sea1-1.xx&oh=00_AfCyofA2D_vJBI9uKENyp2e1_gMDhGQsc0CAQojqAXiwIw&oe=65BEDB8A,70928,CH,fr
69385,100063544751981,Sport Shqip2,sportshqip999,https://www.facebook.com/338653443206338,Lajmet e fundit nga sporti vendor dhe nd√´rkomb√´tar,MEDIA_NEWS_COMPANY,0,2018-04-27 17:03:17,https://scontent-sea1-1.xx.fbcdn.net/v/t39.30808-1/268256442_1142772552794419_6682840498972492326_n.jpg?stp=cp0_dst-jpg_p50x50&_nc_cat=106&ccb=1-7&_nc_sid=a27e22&_nc_ohc=V5CJEARJ3UAAX9iZjB0&_nc_ht=scontent-sea1-1.xx&oh=00_AfBmmplLQTPHDyrUmS6m9CuWy5NpkbeW2Au2WnD7Xp3aDQ&oe=65C6356B,21384,CH,sq
76710,100063555955013,Bieler Tagblatt,BielerTagblatt,https://www.facebook.com/136406625505,Willkommen auf der Facebook-Seite des Bieler Tagblatt.  Hier teilen wir ausgew√§hlte Artikel mit Ihnen,NEWS_SITE,0,2009-03-06 10:03:01,https://scontent-sea1-1.xx.fbcdn.net/v/t39.30808-1/361202107_777979250997266_2577182694112448783_n.png?stp=cp0_dst-png_p50x50&_nc_cat=100&ccb=1-7&_nc_sid=a27e22&_nc_ohc=jk4XJQ5OJcEAX9CZ7C5&_nc_ht=scontent-sea1-1.xx&oh=00_AfDhMKNeDI6dbmmyMK18TVdBK9KoUNkNm8JusKKl80ZBrw&oe=65C70A6F,6188,CH,de
68551,100063561476634,Le Matin Dimanche,lematindimanche,https://www.facebook.com/155665344444893,L'unique journal dominical de Suisse romande.,TOPIC_NEWSPAPER,0,2010-09-03 09:50:08,https://scontent-sea1-1.xx.fbcdn.net/v/t39.30808-1/347266447_758887696239939_5947609872101475184_n.png?stp=cp0_dst-png_p50x50&_nc_cat=100&ccb=1-7&_nc_sid=a27e22&_nc_ohc=pmu9LIBGi4YAX-0tnBc&_nc_ht=scontent-sea1-1.xx&oh=00_AfB7ITSwtLYRgYc5fgRZ-jQeRnN2cp_VU8GDwsSWZi3vJQ&oe=65C5DBB6,20661,CH,fr
265924,100063562300869,LeMatin.ch - Sports,lematinchsports,https://www.facebook.com/1408195665900241,Toute l'actu sportive suisse et internationale par Le Matin.,MEDIA_NEWS_COMPANY,0,2017-10-10 09:45:31,https://scontent-sea1-1.xx.fbcdn.net/v/t39.30808-1/301231868_560471396081599_3128639587281210200_n.png?stp=cp0_dst-png_p50x50&_nc_cat=108&ccb=1-7&_nc_sid=a27e22&_nc_ohc=x_6bhDQAniYAX9evZPr&_nc_ht=scontent-sea1-1.xx&oh=00_AfBWzClvi5kkAVwYkqNG40yqE88f2MdHzWjNf5E16yE24Q&oe=65C7D4D7,2505,CH,fr
41263,100063567281284,inside-it.ch,insideit.ch,https://www.facebook.com/172189566156292,Inside IT ist die Online-News-Plattform f√ºr die ICT Branche: Unser Zielpublikum sind die √ºber 500'000,NEWS_SITE,0,2011-01-10 22:52:41,https://scontent-sea1-1.xx.fbcdn.net/v/t39.30808-1/352731130_233621509409074_7153246520612122309_n.png?stp=cp0_dst-png_p50x50&_nc_cat=109&ccb=1-7&_nc_sid=a27e22&_nc_ohc=xlCOZ6qipvAAX8sD5BB&_nc_ht=scontent-sea1-1.xx&oh=00_AfAvOFBqrPmumrbmaTLiApKtXQbojux42zpC5kpo0quCaA&oe=65C099E5,1563,CH,de
209963,100063592390089,Tages-Anzeiger,Tagesanzeiger,https://www.facebook.com/177194474660,Willkommen auf der offiziellen Facebook-Seite des Tages-Anzeigers. Hier teilen wir ausgew√§hlte Artike,TOPIC_NEWSPAPER,1,2009-11-16 09:07:50,https://scontent-sea1-1.xx.fbcdn.net/v/t39.30808-1/273406683_10159938923244661_6703506479568858850_n.jpg?stp=cp0_dst-jpg_p50x50&_nc_cat=101&ccb=1-7&_nc_sid=a27e22&_nc_ohc=RlOKvbbSUPkAX-NYH2D&_nc_ht=scontent-sea1-1.xx&oh=00_AfDLk5cjcvHgeHKOZbHTP3VVrgg7VKBsnAGWvSqQai7UYw&oe=65C7A6A5,72699,CH,de
68321,100063628090210,Badener Tagblatt,BadenerTagblatt,https://www.facebook.com/785048184921542,"Herzlich Willkommen beim ¬´Badener Tagblatt¬ª, der Tageszeitung f√ºr die Region Baden-Wettingen.

",TOPIC_NEWSPAPER,0,2015-01-26 09:24:07,https://scontent-sea1-1.xx.fbcdn.net/v/t39.30808-1/348304099_1479130979557193_1162318434384803306_n.png?stp=cp0_dst-png_p50x50&_nc_cat=106&ccb=1-7&_nc_sid=a27e22&_nc_ohc=KyYVgZ-ZplMAX_WVPyN&_nc_ht=scontent-sea1-1.xx&oh=00_AfBHYGPRJrsc1F-luLJQVMiP7wnHz3cSAOtqPPKlQJj5sA&oe=65C53560,1090,CH,de
92082,100063636667375,RTS Sport,RTSsport.ch,https://www.facebook.com/443599412376535,"Page officielle des sports de la RTS.
Retrouvez toute l'actualit√© sportive et les √©v√®nements sportifs couverts par la RTS
www.rtssport.ch",MEDIA_NEWS_COMPANY,1,2013-02-01 12:57:51,https://scontent-sea1-1.xx.fbcdn.net/v/t39.30808-1/356817119_745588134239069_8957159265953662325_n.png?stp=cp0_dst-png_p50x50&_nc_cat=106&ccb=1-7&_nc_sid=a27e22&_nc_ohc=bG3cCSQUN5gAX8Vmn7k&_nc_ht=scontent-sea1-1.xx&oh=00_AfDmQZJ0JTF96MESZTjvjjw99Y6ICG6FnZZI1nnRJWwP0g&oe=65C76031,83196,CH,fr
76459,100063655775517,Basler Zeitung,BaslerZeitung,https://www.facebook.com/111236060676,News und Hintergr√ºnde aus der Region Basel und der ganzen Welt.,TOPIC_NEWSPAPER,1,2009-07-21 11:09:12,https://scontent-sea1-1.xx.fbcdn.net/v/t39.30808-1/353656802_727421812723005_6565029017324410362_n.jpg?stp=cp0_dst-jpg_p50x50&_nc_cat=100&ccb=1-7&_nc_sid=a27e22&_nc_ohc=OdTcbwyWhzgAX9ZQuLG&_nc_ht=scontent-sea1-1.xx&oh=00_AfBsfGifC-Wd-OIpsv1yX1ASdS1ZwWX1shE2oIGDgZAXQA&oe=65C73146,36582,CH,de
56082,100063661297541,Nidwaldner Zeitung,NidwaldnerZeitung,https://www.facebook.com/939861909475647,Die offizielle Facebook-Seite der Nidwaldner Zeitung.,MEDIA_NEWS_COMPANY,0,2016-08-09 14:24:05,https://scontent-sea1-1.xx.fbcdn.net/v/t39.30808-1/353862255_732237008908336_5463194284234448696_n.jpg?stp=cp0_dst-jpg_p50x50&_nc_cat=104&ccb=1-7&_nc_sid=a27e22&_nc_ohc=r0VyDmcHukkAX_fLWK2&_nc_ht=scontent-sea1-1.xx&oh=00_AfCK1MiOcB7hqswiAEgLw0uZhHT4v_8kUi59-JxbpuXD3Q&oe=65C59952,2500,CH,de
150828,100063674307279,Mannschaft Magazin,mannschaftmagazin,https://www.facebook.com/105953506119755,"MANNSCHAFT MAGAZIN - T√§gliche LGBTIQ-News aus Deutschland, Schweiz und √ñsterreich",NEWS_SITE,0,2010-06-04 22:30:59,https://scontent-sea1-1.xx.fbcdn.net/v/t39.30808-1/317621653_568003331998805_800811050083777549_n.jpg?stp=cp0_dst-jpg_p50x50&_nc_cat=101&ccb=1-7&_nc_sid=a27e22&_nc_ohc=D1bV5NT3D1kAX8AUvVy&_nc_ht=scontent-sea1-1.xx&oh=00_AfATTm_6VapfkwyiIRXxzWIcmvywcVnAr7lxqamhFvzCwg&oe=65C7E8E1,17019,CH,de
92104,100063678844409,welovesnow.ch,welovesnow.ch,https://www.facebook.com/694749510730952,welovesnow.ch - Engagiert f√ºr den Schneesport und alle die Schneesport lieben. Finden Sie auf dieser Seite t√§gliche Video-News und tolle Angebote rund um den Spass in Weiss...,NEWS_SITE,0,2017-10-05 13:25:07,https://scontent-sea1-1.xx.fbcdn.net/v/t39.30808-1/326127072_645914227309190_8883947776850635182_n.jpg?stp=cp0_dst-jpg_p50x50&_nc_cat=1&ccb=1-7&_nc_sid=a27e22&_nc_ohc=ZvLKE1394eQAX9NA1CC&_nc_ht=scontent-sea1-1.xx&oh=00_AfCosMOADjwtWU47Pl_NB3ibWg0i_a1XWym12VQ1dfjHpQ&oe=65C70F21,49108,CH,de
2,100063700053727,LFM - La Radio,lfm.ch,https://www.facebook.com/316618539370,"LFM, c'est la radio priv√©e num√©ro 1 en Suisse romande! 

√âcoutez-nous sur 
DAB+ | www.lfm.ch | Gen√®ve",BROADCASTING_MEDIA_PRODUCTION,1,2010-02-20 06:14:17,https://scontent-sea1-1.xx.fbcdn.net/v/t39.30808-1/352563664_195409489732304_8163055135691944494_n.png?stp=cp0_dst-png_p50x50&_nc_cat=104&ccb=1-7&_nc_sid=a27e22&_nc_ohc=l5tWQ2k74ZkAX_SIAoL&_nc_ht=scontent-sea1-1.xx&oh=00_AfBy0yQMyekfJxavCufuEKo9PYRmbPBXl5HdacVbMnJ38w&oe=65C005CB,30121,CH,fr
62690,100063738692190,Luzerner Zeitung,LuzernerZeitung,https://www.facebook.com/170815382956921,"Die offizielle Facebook-Seite von luzernerzeitung.ch, dem Onlineportal der Luzerner Zeitung.",MEDIA_NEWS_COMPANY,1,2010-12-21 15:01:19,https://scontent-sea1-1.xx.fbcdn.net/v/t39.30808-1/351500624_974902867275433_1423729230286201189_n.png?stp=cp0_dst-png_p50x50&_nc_cat=107&ccb=1-7&_nc_sid=a27e22&_nc_ohc=EqCrwEzrsX8AX9iD2k9&_nc_ht=scontent-sea1-1.xx&oh=00_AfCOdq33DhS8EbhGKifFYTOftsC4hmXnK_9qR54juWYFGA&oe=65C57E17,47945,CH,de
3913,100063739460600,swissinfo.ch en fran√ßais,swissinfochenfrancais,https://www.facebook.com/1121677184537128,SWI swissinfo.ch en fran√ßais est le service d'information international de la SRG SSR en langue fran√ß,NEWS_SITE,1,2016-05-18 06:53:12,https://scontent-sea1-1.xx.fbcdn.net/v/t39.30808-1/352347405_1259711041600471_3556475735801316258_n.png?stp=cp0_dst-png_p50x50&_nc_cat=101&ccb=1-7&_nc_sid=a27e22&_nc_ohc=9TgqNyy2yPQAX8wf7ym&_nc_ht=scontent-sea1-1.xx&oh=00_AfDAbyEwxn4EWv0mj3DQORvM-jY0o0JnD0tO4fA-j3tYDA&oe=65BF05F8,40698,CH,fr
76631,100063755162038,Obwaldner Zeitung,ObwaldnerZeitung,https://www.facebook.com/1786078331603754,Die offizielle Facebook-Seite der Obwaldner Zeitung.,MEDIA_NEWS_COMPANY,0,2016-08-09 14:00:03,https://scontent-sea1-1.xx.fbcdn.net/v/t39.30808-1/277735776_381133670688469_2653407583202372781_n.jpg?stp=cp0_dst-jpg_p50x50&_nc_cat=103&ccb=1-7&_nc_sid=a27e22&_nc_ohc=iRpQ8hhOicwAX8ixx89&_nc_ht=scontent-sea1-1.xx&oh=00_AfBGZxtyOi1SlDJ2lE3Ds6FlazPe4u9ZZha1Eb-WFl5NAw&oe=65C68388,2427,CH,de
92213,100063761400603,Blick Sport,blickchsport,https://www.facebook.com/436544309865663,Wir lieben Sport! ‚öΩÔ∏è ‚õ∑üèí üéæ üö¥  üèä‚Äç‚ôÄÔ∏è,MEDIA_NEWS_COMPANY,1,2015-09-15 06:13:12,https://scontent-sea1-1.xx.fbcdn.net/v/t39.30808-1/351358468_279971717744764_3267069948635104282_n.png?stp=cp0_dst-png_p50x50&_nc_cat=106&ccb=1-7&_nc_sid=a27e22&_nc_ohc=r3TcPxx29JMAX-fEDS9&_nc_ht=scontent-sea1-1.xx&oh=00_AfBKpBxbx6tSMj-8Idi17zYmKLk3QFR1DmkKDmumX11bGw&oe=65C74962,109016,CH,sq
247437,100063763706502,Fiks Al,gazetafiks2,https://www.facebook.com/871240982892648,"Gazeta FIKS ofron informacionet m√´ t√´ reja p√´r lajme, kultur√´, familje, sh√´ndet√´si, shkenc√´, ",MEDIA_NEWS_COMPANY,0,2014-04-25 14:20:18,https://scontent-sea1-1.xx.fbcdn.net/v/t39.30808-1/424596723_885977926870989_62765090883776103_n.jpg?stp=cp0_dst-jpg_p50x50&_nc_cat=1&ccb=1-7&_nc_sid=a27e22&_nc_ohc=H4pnzZZtLsMAX-bDfkr&_nc_ht=scontent-sea1-1.xx&oh=00_AfBYaGYUo5uQ6-VU2yvpPnlXXKM8U34XiRx5C01EGhvZpQ&oe=65C8E3DF,40102,CH,sq
225268,100063765392304,sport.ch Fussball,SPORT.CH.FUSSBALL,https://www.facebook.com/129952860993773,"sport.ch - Hier bleibst Du am Ball! Das Sportportal f√ºr Sportfans und Sportinteressierte, die ihren t√§glichen Sportkonsum brauchen. Immer. Auf der Fussball-Facebook-Seite von sport.ch geht es nur um das runde Leder mit Fokus Schweizer Spieler und Clubs.",NEWS_SITE,0,2017-10-05 13:24:07,https://scontent-sea1-1.xx.fbcdn.net/v/t39.30808-1/352725128_1195732637783519_6532720249872022598_n.jpg?stp=cp0_dst-jpg_p50x50&_nc_cat=104&ccb=1-7&_nc_sid=a27e22&_nc_ohc=hlhka2lJu8sAX9UWiCe&_nc_ht=scontent-sea1-1.xx&oh=00_AfAonjf9kJn8Bsso_1Ow24GRNffIkuxAPfu9L8d1BWlHew&oe=65C8447E,28399,CH,de
55633,100063800850445,ARTNOIR - Musik Magazin,artnoir.ch,https://www.facebook.com/217368297835,"ARTNOIR - Musik-Magazin
Kritiken, Berichte, Fotos und Meinungen zu Musik und Kultur in der Schweiz.",NEWS_SITE,0,2009-12-23 18:48:55,https://scontent-sea1-1.xx.fbcdn.net/v/t39.30808-1/246168847_10159471162352836_3849056159092830084_n.png?stp=cp0_dst-png_p50x50&_nc_cat=100&ccb=1-7&_nc_sid=a27e22&_nc_ohc=Gq8NfhyYvlsAX9d43bi&_nc_ht=scontent-sea1-1.xx&oh=00_AfA5goRMXPeLk1Z7B8agrjUm0a3O1WKsVfAxuy7eifijKA&oe=65C603B9,6482,CH,de
4172,100063829332553,Le Quotidien Jurassien,QuotidienJurassien,https://www.facebook.com/141584022623331,Cette page vous permet de suivre les activit√©s de promotion et de marketing du journal.,MEDIA_NEWS_COMPANY,0,2012-01-04 15:50:34,https://scontent-sea1-1.xx.fbcdn.net/v/t39.30808-1/243535140_4413757702072587_7978052335207112093_n.jpg?stp=cp0_dst-jpg_p50x50&_nc_cat=101&ccb=1-7&_nc_sid=a27e22&_nc_ohc=nQN4nj6xFSwAX_JCgGJ&_nc_ht=scontent-sea1-1.xx&oh=00_AfBcACcGv9bOeELi3VGEA_zgF1tGIzKSkakXexAXfvi93A&oe=65BF4AE8,6659,CH,fr
248087,100063855101672,watson actu,watson.actu,https://www.facebook.com/566293656909560,Notre mission : Nous voulons √™tre le m√©dia de r√©f√©rence de notre g√©n√©ration.,MEDIA_NEWS_COMPANY,1,2016-12-16 10:10:51,https://scontent-sea1-1.xx.fbcdn.net/v/t39.30808-1/352784973_822494135451288_6905861530643363368_n.jpg?stp=cp0_dst-jpg_p50x50&_nc_cat=102&ccb=1-7&_nc_sid=a27e22&_nc_ohc=WdABT9lGyqQAX_YH1Sy&_nc_ht=scontent-sea1-1.xx&oh=00_AfAhoJ69EfmVo7GMVuo8-Ov332xW7Y4PBepBBc0SnEtABw&oe=65C78DDA,39593,CH,fr
55867,100063858825945,Handelszeitung,handelszeitung,https://www.facebook.com/114215121990330,"Handelszeitung - Der f√ºhrende Wirtschaftstitel der Schweiz. Wirtschaft im Klartext. 365 Tage im Jahr, seit 1861.
Datenschutzerkl√§rung: https://www.handelszeitung.ch/datenschutz",NEWS_SITE,1,2011-03-03 15:45:29,https://scontent-sea1-1.xx.fbcdn.net/v/t39.30808-1/244411770_4408143789264087_7991311995699803618_n.png?stp=cp0_dst-png_p50x50&_nc_cat=103&ccb=1-7&_nc_sid=a27e22&_nc_ohc=WkGK6nk1IRMAX8Xh1in&_nc_ht=scontent-sea1-1.xx&oh=00_AfC2P0Id8jdZfcD4oay2qGpzffhj9pTZf8-1lmCzQbTeDA&oe=65C50D27,14341,CH,de
61524,100063887326802,Blue News,bluenews.ch,https://www.facebook.com/1726757144216569,"Das Beste aus News, Sport und Entertainment.",NEWS_SITE,1,2014-12-03 09:20:02,https://scontent-sea1-1.xx.fbcdn.net/v/t39.30808-1/370554520_709444897861748_3806105062777527159_n.jpg?stp=cp0_dst-jpg_p50x50&_nc_cat=108&ccb=1-7&_nc_sid=a27e22&_nc_ohc=PFnl7rgrU9QAX_tvqvx&_nc_ht=scontent-sea1-1.xx&oh=00_AfBCXjC6LVr3ruV9PWpS8H98Z05awMJuE_p5zTRmEmph2g&oe=65C691FF,27446,CH,de
55953,100063966456920,Stadt-Nachrichten aus Bochum,stadtnachrichtenbochum,https://www.facebook.com/520348688050002,News & media website,NEWS_SITE,0,2013-09-20 09:07:53,https://scontent-sea1-1.xx.fbcdn.net/v/t39.30808-1/277569811_356741653134714_7913720582706836290_n.png?stp=cp0_dst-png_p50x50&_nc_cat=106&ccb=1-7&_nc_sid=a27e22&_nc_ohc=ZE0eHIpQzRcAX-J1pxy&_nc_ht=scontent-sea1-1.xx&oh=00_AfDMgLqwUNUwJi9a16G3ow2NwUnU8kp_BfVH4M2Dyh90-Q&oe=65C5EE5D,9754,CH,de
69387,100063973483183,Lajmet e Shqiptar√´ve,Lajmeteshqiptareve,https://www.facebook.com/1001522036601554,Lajmet e fundit nga vendi dhe bota. ,MEDIA_NEWS_COMPANY,0,2016-03-03 15:10:34,https://scontent-sea1-1.xx.fbcdn.net/v/t39.30808-1/307158425_475149041294208_4128151031663532379_n.jpg?stp=cp0_dst-jpg_p50x50&_nc_cat=105&ccb=1-7&_nc_sid=a27e22&_nc_ohc=kye5T66BxT4AX-WWMDV&_nc_ht=scontent-sea1-1.xx&oh=00_AfA4h867eUc3XBbDBXqaN4hYFuKFAbAXVN4LL_xwg70DSg&oe=65C661B9,11809,CH,sq
89879,100063985004595,ArcInfo,arcinfofanpage,https://www.facebook.com/178419688871594,"üìÑ Journal ArcInfo est le m√©dia √©crit du canton de Neuch√¢tel et de l‚ÄôArc jurassien.
‚û° D√©couvrez notre ",NEWS_SITE,1,2011-03-14 08:32:28,https://scontent-sea1-1.xx.fbcdn.net/v/t39.30808-1/352211232_1380193529251966_233555536127807998_n.jpg?stp=cp0_dst-jpg_p50x50&_nc_cat=102&ccb=1-7&_nc_sid=a27e22&_nc_ohc=o2YDINu_jkIAX_qxiXq&_nc_ht=scontent-sea1-1.xx&oh=00_AfCs82KQmppsZbHWbJzXVxX9pnis6jztUfUfs3XEDNLKBw&oe=65C75BA3,53974,CH,fr
68312,100064002976632,bz Zeitung f√ºr die Region Basel,bzZeitungRegionBasel,https://www.facebook.com/303692443009130,"Willkommen bei der ¬´bz Basel¬ª, wir bringen Ihnen die News beider Basel und der Welt.
",NEWS_SITE,0,2011-12-21 08:58:21,https://scontent-sea1-1.xx.fbcdn.net/v/t39.30808-1/292202714_410936254383137_6794993127216792402_n.png?stp=cp0_dst-png_p50x50&_nc_cat=110&ccb=1-7&_nc_sid=a27e22&_nc_ohc=zXiq_20ByqMAX8yWHPx&_nc_ht=scontent-sea1-1.xx&oh=00_AfDObu8ybyxiK9StT1AjsPER9RVDgJFVufVULcNxQtLbkA&oe=65C57A23,19816,CH,de
33935,100064036717891,Lausanne Cit√©s,LausanneCites,https://www.facebook.com/144683325692334,"Fond√© le 8 septembre 1976, Lausanne Cit√©s est un hebdomadaire lausannois d'informations locales",BROADCASTING_MEDIA_PRODUCTION,0,2013-02-20 11:10:33,https://scontent-sea1-1.xx.fbcdn.net/v/t39.30808-1/273229572_316744373803451_6070856659505152200_n.jpg?stp=cp0_dst-jpg_p50x50&_nc_cat=106&ccb=1-7&_nc_sid=a27e22&_nc_ohc=f5EYGATvdq0AX_1jWIH&_nc_ht=scontent-sea1-1.xx&oh=00_AfDrB5k7AkC3bD_9dar66zzQF55dO4EpExIYDAJ5NG6OGQ&oe=65C00FD3,4588,CH,fr
68287,100064044793741,La C√¥te,LaCoteJournal,https://www.facebook.com/106842592684027,"Lacote.ch, le site qui vous informe sur les districts de Nyon et de Morges.
",NEWS_SITE,1,2010-03-31 09:24:59,https://scontent-sea1-1.xx.fbcdn.net/v/t39.30808-1/260131121_4906831089351796_3408294913919659620_n.jpg?stp=cp0_dst-jpg_p50x50&_nc_cat=100&ccb=1-7&_nc_sid=a27e22&_nc_ohc=C58kZf-wTt8AX-5uoq_&_nc_ht=scontent-sea1-1.xx&oh=00_AfDKiLL3AEOWuqh1ZxHxIUrvyQ1tMkQ55CvimVyJK9EWBw&oe=65C67749,27102,CH,fr
68285,100064114026749,Le Nouvelliste,nouvelliste,https://www.facebook.com/202196693162175,"Le Nouvelliste est le premier quotidien d'information g√©n√©rale du Valais
",TOPIC_NEWSPAPER,1,2011-07-07 13:25:29,https://scontent-sea1-1.xx.fbcdn.net/v/t39.30808-1/259990910_4612160452165755_2336130256663898543_n.png?stp=cp0_dst-png_p50x50&_nc_cat=103&ccb=1-7&_nc_sid=a27e22&_nc_ohc=DNFaz1_lSXAAX-wEARf&_nc_ht=scontent-sea1-1.xx&oh=00_AfCsszjeTOumqHVBxNmY4ojFuxFa8mm3FXhS39HdSkHzvQ&oe=65C6C61A,91751,CH,fr
74121,100064173962218,Le Monde diplomatique en espa√±ol,MondeDiploEs,https://www.facebook.com/207203445984190,Mensual cr√≠tico de an√°lisis e informaci√≥n internacional.,MEDIA_NEWS_COMPANY,0,2011-06-06 20:27:15,https://scontent-sea1-1.xx.fbcdn.net/v/t39.30808-1/233552822_191206816361783_4494917434725156569_n.jpg?stp=cp0_dst-jpg_p50x50&_nc_cat=108&ccb=1-7&_nc_sid=a27e22&_nc_ohc=lRatBSRFv_UAX-cx8Au&_nc_ht=scontent-sea1-1.xx&oh=00_AfCa_32r14xB6GwPmLnX_JiAbO4LEAaadE1BrITQMK4Oug&oe=65C66D55,49394,CH,es
56095,100064197150354,walliserbote.ch,walliserbote.ch,https://www.facebook.com/113331545384938,"Das Walliser Medienportal mit Nachrichten, Wetter, In memoriam, Veranstaltungskalender, o-bei, Audio",NEWS_SITE,0,2010-07-26 11:53:11,https://scontent-sea1-1.xx.fbcdn.net/v/t39.30808-1/292417019_402303918586177_2821149133836829884_n.jpg?stp=cp0_dst-jpg_p50x50&_nc_cat=104&ccb=1-7&_nc_sid=a27e22&_nc_ohc=0EFAD6TLpswAX-SAwkm&_nc_ht=scontent-sea1-1.xx&oh=00_AfBWknGRiqPZy8zhvlu8j34w9Q3eE0XCHrWALv3mK31bLQ&oe=65C63B36,9907,CH,de
232088,100064217881438,swissinfo.ch auf Deutsch,swissinfochaufdeutsch,https://www.facebook.com/584811581695737,"Willkommen zur deutschsprachigen Ausgabe von SWI swissinfo.ch, dem internationalen Dienst der SRG",NEWS_SITE,1,2016-05-19 11:50:21,https://scontent-sea1-1.xx.fbcdn.net/v/t39.30808-1/292295081_413703534113573_127697662918996640_n.png?stp=cp0_dst-png_p50x50&_nc_cat=104&ccb=1-7&_nc_sid=a27e22&_nc_ohc=599na4OwayIAX_4xAul&_nc_ht=scontent-sea1-1.xx&oh=00_AfByy1teiaJqxNf2qdCBv6oAMQfsxxzgu1rqWEF-U2b05g&oe=65C76343,20824,CH,de
98341,100064306796997,Shkrimet E N,lajme0,https://www.facebook.com/229802577197589,K√´tu mund t√´ lexoni shkrime t√´ ndryshme dhe lajme te fundit,NEWS_SITE,0,2013-12-05 10:35:22,https://scontent-sea1-1.xx.fbcdn.net/v/t39.30808-1/309446356_463244969162392_1345768458713772261_n.jpg?stp=c10.0.50.50a_cp0_dst-jpg_p50x50&_nc_cat=107&ccb=1-7&_nc_sid=a27e22&_nc_ohc=KdXcUKNeB6IAX9XaOuD&_nc_ht=scontent-sea1-1.xx&oh=00_AfAN5bZiyi6yAHjV8hwhVYa1pNnSbrajJsnrJdW6EaFmvw&oe=65C79718,47861,CH,sq
255717,100064328725910,LeMatin.ch,lematin.ch,https://www.facebook.com/107915992569379,"Toute l'actu en continu : Sport, People, Fait divers, Suisse, Monde et Loisirs.
üî∏Twitter: twitter.com/lematinch
üî∏ Instagram: https://bit.ly/30RkMFE
üî∏Youtube: bit.ly/1pLlvVj",MEDIA_NEWS_COMPANY,1,2010-03-26 13:46:22,https://scontent-sea1-1.xx.fbcdn.net/v/t39.30808-1/339897293_922124078924601_6074918182715945555_n.png?stp=cp0_dst-png_p50x50&_nc_cat=101&ccb=1-7&_nc_sid=a27e22&_nc_ohc=hFt_h7ArazsAX8B2dUu&_nc_ht=scontent-sea1-1.xx&oh=00_AfCqpwbw0pYsTSpLCdorTerABBj7wmeq7XnnHZgGTqHw4w&oe=65C84274,303512,CH,fr
26379,100064338833486,AgenceEcofin,agenceecofin,https://www.facebook.com/159362754122831,L‚Äôactualit√© quotidienne des secteurs √©conomiques africains,MEDIA_NEWS_COMPANY,0,2011-04-12 10:58:48,https://scontent-sea1-1.xx.fbcdn.net/v/t39.30808-1/336294081_169136252695388_3586336363530585358_n.jpg?stp=cp0_dst-jpg_p50x50&_nc_cat=101&ccb=1-7&_nc_sid=a27e22&_nc_ohc=4AK-WjVlfncAX9iKlc8&_nc_ht=scontent-sea1-1.xx&oh=00_AfAnk_65xLtomMFI0-AGO7zhbTkhFIq5RiTkoKbpcbAK2Q&oe=65C01B8D,572500,CH,fr
227307,100064441371520,Blick,blick,https://www.facebook.com/62562538918,Die st√§rkste Zeitung und News-Site der Schweiz.,MEDIA_NEWS_COMPANY,1,2009-03-30 08:12:53,https://scontent-sea1-1.xx.fbcdn.net/v/t39.30808-1/352578575_257520716863312_8493716640864955225_n.jpg?stp=cp0_dst-jpg_p50x50&_nc_cat=105&ccb=1-7&_nc_sid=a27e22&_nc_ohc=1XMXesfv6-cAX8txZBC&_nc_ht=scontent-sea1-1.xx&oh=00_AfDDj_4l5PwiyCVhNwOFwANkodeI_6RJK8udYwh6yEvFCw&oe=65C81FBD,378329,CH,de
56097,100064524078863,polizeiticker.ch,polizeiticker.ch,https://www.facebook.com/200214236818839,Polizeinachrichten aus der Schweiz.,NEWS_SITE,0,2013-09-05 13:57:42,https://scontent-sea1-1.xx.fbcdn.net/v/t39.30808-1/339428768_3562821137284361_8778465099732108339_n.png?stp=cp0_dst-png_p50x50&_nc_cat=101&ccb=1-7&_nc_sid=a27e22&_nc_ohc=vJ0k0JDDTk4AX8w877T&_nc_ht=scontent-sea1-1.xx&oh=00_AfAAqHyH6GBAEuuyGWqe4M29sGwVr5ZpHTGYNj2M01vkqg&oe=65C6E87A,219482,CH,de
242464,100064532628683,watson,watson.news,https://www.facebook.com/536723559736207,"watson - News ohne Bla Bla. Jetzt App downloaden und auf Instagram und Twitter folgen: 
instagram.com/watson_news
twitter.com/watson_news

Netikette: https://www.watson.ch/u/commenting_rules",MEDIA_NEWS_COMPANY,1,2013-10-28 12:16:56,https://scontent-sea1-1.xx.fbcdn.net/v/t39.30808-1/348235308_1066570001396133_4004697449037434912_n.png?stp=cp0_dst-png_p50x50&_nc_cat=102&ccb=1-7&_nc_sid=a27e22&_nc_ohc=G5AW5w8U2K8AX_yv89l&_nc_ht=scontent-sea1-1.xx&oh=00_AfDUdK56orqa0hkQeM1Lfj0dsuDhRuPtUetCkmTva_hLrg&oe=65C7C33E,338487,CH,de
92066,100064534306504,Le Temps,letemps.ch,https://www.facebook.com/319393291423771,"Le Temps, m√©dia suisse ind√©pendant qui d√©crypte l‚Äôactualit√©.",TOPIC_NEWSPAPER,1,2011-12-05 13:53:49,https://scontent-sea1-1.xx.fbcdn.net/v/t39.30808-1/400141160_726512476176556_7501888396485957610_n.jpg?stp=cp0_dst-jpg_p50x50&_nc_cat=103&ccb=1-7&_nc_sid=a27e22&_nc_ohc=8M_tGvjhtLAAX9Bah0M&_nc_ht=scontent-sea1-1.xx&oh=00_AfAc1rPjrzX3ErqNYBq0AuQjsrJq9mxoEYRXGu2dzIxxGg&oe=65C5C196,281042,CH,fr
68552,100064574956506,Tribune de Gen√®ve,tdg.ch,https://www.facebook.com/105188432853984,"Tribune de Gen√®ve, la r√©f√©rence depuis 1879. 
Notre mission: transmettre, analyser et anticiper l'actualit√©",TOPIC_NEWSPAPER,1,2010-04-01 09:26:10,https://scontent-sea1-1.xx.fbcdn.net/v/t39.30808-1/341172184_764857435263275_6174377318909873434_n.jpg?stp=cp0_dst-jpg_p50x50&_nc_cat=105&ccb=1-7&_nc_sid=a27e22&_nc_ohc=zVedYFBdsn8AX-bTwbX&_nc_ht=scontent-sea1-1.xx&oh=00_AfBKlUkjEpXsnyiJ11AZ8vZl0wlYIOMf4e0DJ1zFSiUU5Q&oe=65C6B91D,233048,CH,fr
69382,100064602162953,Lajme Sport,LajmeSportFiks,https://www.facebook.com/271498149546196,"Lajmet e fundit nga Sporti
",NEWS_SITE,0,2011-09-05 19:01:00,https://scontent-sea1-1.xx.fbcdn.net/v/t39.30808-1/331297175_1899176266917969_2792795461637988245_n.jpg?stp=cp0_dst-jpg_p50x50&_nc_cat=110&ccb=1-7&_nc_sid=a27e22&_nc_ohc=qyJBfTr0WfAAX9X6HDv&_nc_ht=scontent-sea1-1.xx&oh=00_AfCK-xA4X-wg7GRNEKw9Z-BhVaTBsbtVdl-aT8Wuj_l8xQ&oe=65C56C75,110026,CH,sq
46339,100064632403828,20 minutes online,20minutesonline,https://www.facebook.com/110766378956229,"20 minutes, le m√©dia de Suisse romande qui vous informe et divertit 24h/24. ",TOPIC_NEWSPAPER,1,2010-04-14 14:20:09,https://scontent-sea1-1.xx.fbcdn.net/v/t39.30808-1/341611029_916002779679532_2761196367357167844_n.png?stp=cp0_dst-png_p50x50&_nc_cat=111&ccb=1-7&_nc_sid=a27e22&_nc_ohc=80_BWEzS-FQAX-fABUp&_nc_ht=scontent-sea1-1.xx&oh=00_AfAh3dLxAHYXXXHuRd6Xy__poNtWRW676f7xE3g4Pdxhpg&oe=65BF6768,711161,CH,fr
222582,100064707575188,albinfo.ch,albinfo.ch,https://www.facebook.com/154597187913004,"Albinfo.ch √´sht√´ nj√´ projekt privat medial n√´ internet,  i cili ofron nj√´ botim t√´ p√´rditsh√´m falas.",NEWS_SITE,0,2010-10-14 13:23:54,https://scontent-sea1-1.xx.fbcdn.net/v/t39.30808-1/320157290_1525201334640397_367676298689779168_n.jpg?stp=cp0_dst-jpg_p50x50&_nc_cat=110&ccb=1-7&_nc_sid=a27e22&_nc_ohc=v0KeqI5wrUsAX8D3Xa0&_nc_ht=scontent-sea1-1.xx&oh=00_AfBP9u1rQ0rEcRHP7l-MsLUJ59unt3_JdtI-4ZBI3LMx6A&oe=65C83D46,163335,CH,und
56094,100064833302773,Polizei.news,www.Polizei.news,https://www.facebook.com/1256958104355393,Aktuelle Polizeinews mit Fokus auf die Schweiz!,MEDIA,0,2016-09-02 09:12:20,https://scontent-sea1-1.xx.fbcdn.net/v/t39.30808-1/307328135_473740544797052_6052757523796587057_n.png?stp=cp0_dst-png_p50x50&_nc_cat=102&ccb=1-7&_nc_sid=a27e22&_nc_ohc=UFo5k-lTT8wAX-utvqL&_nc_ht=scontent-sea1-1.xx&oh=00_AfAWxEdK-C_kSGnZ3Iz2RGC1i7NrXrlVE_UBub63gUY8eg&oe=65C5F797,175201,CH,de
98338,100064836099183,Lajme Online,LajmeFiksOfficial,https://www.facebook.com/485217675656,"Gazeta e p√´rditshme Fiks, ka hyr√´ vrullsh√´m n√´ diskursin publik n√´ Kosov√´, duke botuar artikuj releva",MEDIA_NEWS_COMPANY,0,2010-02-10 11:00:45,https://scontent-sea1-1.xx.fbcdn.net/v/t39.30808-1/425734628_809644441206752_2888280485098582519_n.jpg?stp=cp0_dst-jpg_p50x50&_nc_cat=107&ccb=1-7&_nc_sid=a27e22&_nc_ohc=BTAG3njhhWYAX81vJIH&_nc_ht=scontent-sea1-1.xx&oh=00_AfAOajH0LoF8QVPsRQKTocjjHITUB49oWrANAp2fxg1Ftg&oe=65C6B24E,253302,CH,sq
69388,100064868850191,Sport Shqip,sportshqip99,https://www.facebook.com/510772555617987,Lajmet e fundit nga sporti vendor dhe nd√´rkomb√´tar,MEDIA_NEWS_COMPANY,0,2012-10-03 00:45:25,https://scontent-sea1-1.xx.fbcdn.net/v/t39.30808-1/309244607_496968685808756_1009367882438818962_n.jpg?stp=cp0_dst-jpg_p50x50&_nc_cat=100&ccb=1-7&_nc_sid=a27e22&_nc_ohc=yygOYZPXcH4AX-Ly-Tq&_nc_ht=scontent-sea1-1.xx&oh=00_AfDWLEuqbeDnfbAOAWgEtNjkyHtEbEg1Jje9NT5eQKMDUg&oe=65C59ADE,31676,CH,sq
225270,100064876110409,NZZ Neue Z√ºrcher Zeitung,nzz,https://www.facebook.com/143694099006529,Herzlich willkommen auf der Facebook-Seite der Neuen Z√ºrcher Zeitung.,TOPIC_NEWSPAPER,1,2010-09-24 07:55:40,https://scontent-sea1-1.xx.fbcdn.net/v/t39.30808-1/342187704_441790201494971_1209909583145031896_n.png?stp=cp0_dst-png_p50x50&_nc_cat=104&ccb=1-7&_nc_sid=a27e22&_nc_ohc=_PCKQBwgTE8AX-MzkgX&_nc_ht=scontent-sea1-1.xx&oh=00_AfBU2_bGCQnk_krZbKJrGJYXDg5kT54ba4-9dW8YIFqJYA&oe=65C79F98,300322,CH,de
254646,100064959061177,20 Minuten,20min,https://www.facebook.com/29396596956,"20 Minuten - das f√ºhrende Newsportal der Schweiz. 
",NEWS_SITE,1,2008-08-29 08:01:44,https://scontent-sea1-1.xx.fbcdn.net/v/t39.30808-1/341672775_3464159130496989_2549311686560155380_n.jpg?stp=cp0_dst-jpg_p50x50&_nc_cat=1&ccb=1-7&_nc_sid=a27e22&_nc_ohc=JbqFF4IHOxMAX_JMT91&_nc_ht=scontent-sea1-1.xx&oh=00_AfAXshDw0P_9rFaC2aT-q5L0pmWEL2sieRWi2WbW9AR-Zw&oe=65C770D8,606288,CH,de
182313,100064976280605,swissinfo,swissinfo,https://www.facebook.com/81049933496,SWI swissinfo.ch is the International Service of the Swiss Broadcasting Corporation (SBC),NEWS_SITE,1,2009-04-03 09:26:38,https://scontent-sea1-1.xx.fbcdn.net/v/t39.30808-1/271549512_297221222453752_733789891397782165_n.jpg?stp=cp0_dst-jpg_p50x50&_nc_cat=110&ccb=1-7&_nc_sid=a27e22&_nc_ohc=0-w8GWS2eE4AX9ph-uM&_nc_ht=scontent-sea1-1.xx&oh=00_AfB0xI3-zzk00cZOJQ_4_BvIqV3JSJkar2FtXiMor-HIag&oe=65C814A3,366685,CH,en
27561,100064977692448,tvsvizzera.it,tvsvizzera,https://www.facebook.com/488124901298251,"tvsvizzera.it √® il titolo, l'url, lo slogan del portale della Societ√† svizzera di radiotelevisione (SSR) per il pubblico italiano e italofono. tvsvizzera.it sotto la responsabilit√† editoriale di swissinfo.ch, il servizio plurilingue della SSR. 

",NEWS_SITE,1,2014-01-22 22:42:58,https://scontent-sea1-1.xx.fbcdn.net/v/t39.30808-1/339312317_6645984115415018_1442430638453629965_n.png?stp=cp0_dst-png_p50x50&_nc_cat=103&ccb=1-7&_nc_sid=a27e22&_nc_ohc=-3hvmENMgZYAX_NvXFn&_nc_ht=scontent-sea1-1.xx&oh=00_AfBDMJelNvqSkpJ65Y89zT3absr7SjaStjqA43h6_Kx3gg&oe=65C08636,178757,CH,it
248284,100065258062044,Blick I fr,blickfr,https://www.facebook.com/122941821049269,"Votre m√©dia suisseüá®üá≠ 
News, sport, soci√©t√© et pop culture.",MEDIA_NEWS_COMPANY,1,2010-04-27 12:02:28,https://scontent-sea1-1.xx.fbcdn.net/v/t39.30808-1/351508103_781819936745174_6706075212275534122_n.jpg?stp=cp0_dst-jpg_p50x50&_nc_cat=109&ccb=1-7&_nc_sid=a27e22&_nc_ohc=p5_TOePKA34AX9vAA2p&_nc_ht=scontent-sea1-1.xx&oh=00_AfDOukelnqKNNddEk2pFfzl7uMmKcCF354gCvQV7wSugug&oe=65C7C7FC,39428,CH,fr
69389,100065341742767,FaktiNews,fiksnews,https://www.facebook.com/1401390410137652,Gazeta Fiks News ,NEWS_SITE,0,2014-04-14 23:41:54,https://scontent-sea1-1.xx.fbcdn.net/v/t39.30808-1/325701179_1107049903299299_416403919835180183_n.jpg?stp=c8.0.50.50a_cp0_dst-jpg_p50x50&_nc_cat=108&ccb=1-7&_nc_sid=a27e22&_nc_ohc=_znOjIO57coAX9GdR5h&_nc_ht=scontent-sea1-1.xx&oh=00_AfC_0yh-9Fu6sHZ_cH-smvp2ro76YnswRvIRgOoHkCjh1Q&oe=65C65D4B,118361,CH,sq
92217,100067651355313,Rh√¥ne FM Info,rhonefminfo,https://www.facebook.com/154502858290960,D√©couvrez les news de la r√©daction de Rh√¥ne FM sur cette page !,MEDIA,0,2016-07-21 06:54:32,https://scontent-sea1-1.xx.fbcdn.net/v/t39.30808-1/376901761_639027945028912_3936247362535550320_n.jpg?stp=cp0_dst-jpg_p50x50&_nc_cat=105&ccb=1-7&_nc_sid=a27e22&_nc_ohc=-s5YPl8NQzMAX9UbAtV&_nc_ht=scontent-sea1-1.xx&oh=00_AfDHetYaUk6in1QqPCU7SurL64NlU4iQhF295rQ9nDHL_g&oe=65C6616A,26884,CH,fr
68416,100068911726745,24 heures,24heures.ch,https://www.facebook.com/10150100771335484,"Depuis 1762, 24 heures est le quotidien de r√©f√©rence des Vaudois.",NEWS_SITE,1,2010-02-23 09:46:29,https://scontent-sea1-1.xx.fbcdn.net/v/t39.30808-1/355367126_581781497462236_490218461589919793_n.jpg?stp=cp0_dst-jpg_p50x50&_nc_cat=108&ccb=1-7&_nc_sid=a27e22&_nc_ohc=L53xKge5SlMAX9G1msM&_nc_ht=scontent-sea1-1.xx&oh=00_AfBbK72XD_Erj1Z71QrMjSe1K4LslLCjXBLFSpRb168bBw&oe=65C6EC9B,203595,CH,fr
23920,100070180182721,Infos couple et s√©duction,LeMagFeminin,https://www.facebook.com/1414217508827165,"Retrouvez toute l'actualit√© de la mode, les derni√®res tendances beaut√© et les nouveaut√©s des s√©ries Netflix sur le magazine MagFeminin.com",NEWS_SITE,0,2014-02-17 19:27:15,https://scontent-sea1-1.xx.fbcdn.net/v/t39.30808-1/325780796_5831712683551529_7212126693440146828_n.jpg?stp=cp0_dst-jpg_p50x50&_nc_cat=104&ccb=1-7&_nc_sid=a27e22&_nc_ohc=emzMU793oVcAX9oZi-7&_nc_ht=scontent-sea1-1.xx&oh=00_AfDpiBL2KhojS7O_8I6mabtfdToNH6ff4MEZHMdCBPP3tQ&oe=65BF0846,871803,CH,fr
55970,100071142005413,Polizeiticker.at,polizeiticker.at,https://www.facebook.com/1056856614506516,"Meldungen von den verschiedenen Polizeistationen aus √ñsterreich. Vermisstmeldungen, Zeugenaufrufe und vieles mehr!",NEWS_SITE,0,2019-04-28 18:08:20,https://scontent-sea1-1.xx.fbcdn.net/v/t39.30808-1/339969843_566571382243468_5847970088740666515_n.png?stp=cp0_dst-png_p50x50&_nc_cat=105&ccb=1-7&_nc_sid=a27e22&_nc_ohc=wkFxb6dkC3kAX9lxsg5&_nc_ht=scontent-sea1-1.xx&oh=00_AfAof7YMplhmG1fO-gdB6MW4KWeOvV5aWtLYL_25EfgaVg&oe=65C62386,118959,CH,de
1687,100080669104807,L√©man Bleu,lemanbleutv,https://www.facebook.com/177350425728155,"Une histoire, une vid√©o ou une photo √† partager?
‚û°Ô∏è redaction@lemanbleu.ch",NEWS_SITE,1,2012-05-24 13:50:53,https://scontent-sea1-1.xx.fbcdn.net/v/t39.30808-1/339320423_225531166725896_3990077768813474815_n.png?stp=cp0_dst-png_p50x50&_nc_cat=110&ccb=1-7&_nc_sid=a27e22&_nc_ohc=dEj9aTdKf3wAX_MPFkY&_nc_ht=scontent-sea1-1.xx&oh=00_AfA1QP83XE9v8-IgwQdrF7TYqDxB3jq3KDLbnxS5j2UQzw&oe=65BF6057,285119,CH,fr
